id,MasterItemNo,QtyShipped
3708,63644,5
6302,51163,119
8687,61508,27
361,63311,2
13231,56907,25
9001,43459,5
1924,46650,116
8950,66707,12
4449,63311,1
1954,63799,12
3695,63824,25
7966,63311,16
8870,63311,2
13371,60057,9
12399,63303,122
11113,61145,55
9397,50919,48
3469,61206,11
12723,61332,17
10172,65170,19
1386,64052,3
3388,63845,12
12442,66799,3
5747,62100,185
12411,55228,16
13189,62176,8
10114,61012,50
8876,42286,89
2930,63311,2
869,64151,2
13061,59983,32
609,64183,3
4605,63311,2
1731,56729,5
7337,60638,38
3703,61206,28
11948,60933,14
5130,51169,227
5606,60202,2
10684,67094,9
8297,60205,37
4541,63311,245
1321,45733,15
5816,40210,11
11013,53691,27
4376,58210,9
1603,63311,8
10743,26930,46
10443,53366,50
2321,21181,1
4251,63311,31
2996,63311,6
5859,53850,177
12269,63311,170
64,62985,2
2520,55228,6
10001,61424,1
10229,60015,294
12295,61343,162
10772,63311,20
3985,58225,23
4873,63311,2
9059,49025,120
3502,42172,10
6462,51249,61
354,64631,3
9759,63311,91
1596,63311,14
7922,54405,14
4004,58225,30
1143,47235,10
10804,61409,30
3791,58219,9
7110,60713,15
1394,63311,2
12752,63311,9
3205,36443,9
8055,61058,14
11540,61323,17
2349,61186,26
11867,59971,89
7464,61289,204
12015,59790,779
1373,64273,2
8272,66497,5
2928,63831,25
11263,61289,16
7364,61380,38
2120,64923,5
12208,61343,161
3077,63577,24
3694,58198,45
10426,63311,25
6246,62108,23
7927,50921,60
11876,63311,31
2911,63492,25
5814,60102,3
5427,60695,157
1531,63311,9
7653,60531,17
2183,63858,21
11578,60803,79
5810,60102,3
13229,41912,26
5062,56907,114
12051,53691,34
3956,42998,9
10847,63311,28
12847,60933,14
8515,63311,13
2526,42998,9
4098,63760,14
13093,60205,2
5887,63311,38
2502,65655,5
3942,61206,14
3707,63799,10
12119,61146,34
13291,51173,43
7656,60004,38
9979,49210,23
12683,60409,26
8729,65410,9
10085,58208,11
2656,63657,1
5917,60957,40
7866,61347,20
12672,43460,8
11032,60409,174
2070,32491,6
9036,32043,13
3194,63655,6
11845,49025,72
456,64529,43
10126,66772,19
6724,62541,1
1702,63143,8
10521,61289,56
3059,58225,23
12751,63311,16
4871,63311,2
5548,61289,16
873,50564,2
3022,42172,11
2895,58198,28
938,34748,7
169,63311,3
12719,65118,91
9626,61343,41
4348,63562,28
1740,56728,3
8856,63311,4
4024,58211,5
9648,63311,17
10547,63311,16
11910,40328,135
4619,63311,3
13128,62093,30
4702,63311,9
3317,23936,14
8577,66968,1
2752,63657,1
6031,60957,11
7574,65105,39
4203,64011,52
5229,60933,38
9271,63311,27
9726,40328,17
2808,63311,108
4016,63699,21
12803,37856,4
5051,60205,1
9966,60205,40
4505,63311,1
1087,63311,7
7493,28234,29
12416,61343,96
11323,62118,24
2021,58225,36
12233,64800,116
12191,49025,11
5269,50894,29
4844,62635,3
3044,63311,5
7308,61346,15
12426,62093,15
3822,56721,1
2311,58211,5
12544,59790,52
8971,63311,82
305,25215,2
1563,63558,3
5432,60699,151
7672,63321,7
13214,53691,27
11846,59947,340
3018,51248,7
6210,60987,14
539,63311,6
13342,60899,29
182,63311,2
2443,50436,10
2630,58211,6
7198,61065,11
750,63311,1
10636,42103,48
10307,60933,38
4266,63596,64
6866,60409,24
4809,63311,1
6339,60046,52
1079,64318,9
7979,50891,26
1214,64311,15
11159,61289,16
721,64164,6
400,63311,4
9692,51168,108
10095,64779,9
6051,61409,19
5724,63667,13
5925,60015,62
12619,60533,39
12336,61379,94
5364,60417,223
8672,62108,4
625,56728,3
8192,62176,1
1115,45733,18
3795,42998,9
3541,63657,8
9,63311,14
3121,66369,1
6936,61503,11
1483,49135,4
8019,28234,29
2445,42103,12
458,63311,15
12971,63311,12
1176,26774,3
13162,51250,10
4354,63319,1
3861,63499,44
8993,65355,18
11543,61497,3
6085,61289,95
7591,40328,21
2532,65660,28
9373,46146,35
6804,60966,14
6935,61503,11
2797,63311,2
519,52476,18
5873,60015,252
2967,61299,24
5964,60967,27
312,63311,2
7278,49214,49
1698,62910,8
9054,41840,26
7220,59967,25
2508,63596,25
11865,61332,54
5271,50894,29
12106,60205,12
10371,61289,21
7221,59995,20
9762,63311,4
12311,60972,12
10330,58208,11
10911,49210,21
3955,42998,9
2110,58211,7
4025,49320,6
7753,63311,57
6957,63311,6
9212,21458,41
2367,58219,9
3586,55228,8
3976,64801,2
3298,58211,6
11537,61001,100
5063,56907,114
3078,60938,4
10392,40328,60
7622,61289,32
2345,61206,25
5968,31958,7
13377,60102,2
6887,61289,95
488,36065,10
4990,61289,115
8575,66972,15
9050,63311,17
8808,61289,216
12036,63328,1
10363,60517,110
11803,62095,10
2320,21181,1
7077,61345,22
12032,60917,71
8775,59793,33
6879,61343,96
12781,51168,55
4606,58148,2
8458,66566,13
5408,62108,31
12074,46086,1
3706,64562,33
249,63311,10
6974,63351,8
6119,60939,26
2702,63671,2
4247,63311,118
8490,65133,15
451,63311,23
11034,58208,12
7950,60988,21
3729,63561,21
2885,63572,31
12158,40328,128
4985,61001,18
2185,63859,72
6265,61345,27
71,63311,15
7196,63311,9
6015,63302,194
6474,60617,160
1494,64256,114
10376,50879,15
7840,63311,290
4102,42172,7
8754,66488,49
11350,44966,17
5886,61289,26
11015,60938,200
6000,62095,10
1086,63045,11
10127,66911,26
8815,62176,28
11325,61144,15
12020,62100,10
3209,44850,3
10668,61289,206
10680,62145,52
8369,10325,15
9465,63311,1
812,63311,23
7812,51167,9
3466,61198,25
6088,59959,76
4031,61347,21
9177,60517,307
9227,63311,1
11812,60713,30
10195,60409,85
8094,60015,272
11194,49214,15
8676,63311,11
10219,61343,23
1062,62651,5
1347,63311,18
4239,63311,102
5986,61051,10
4562,41936,2
10303,49214,16
12142,60042,25
4827,62783,2
3659,61197,25
13321,61506,41
9574,65131,28
9009,63311,79
9239,60035,38
9463,66772,41
9516,60015,185
2158,63311,26
901,50327,44
6763,50584,17
100,63311,15
12154,56907,42
12901,60015,89
2228,63996,10
10042,63302,86
8834,62274,10
8898,43460,2
10544,60191,21
3167,66114,12
2953,61299,20
6481,53844,12
386,63311,4
411,63132,14
1484,64023,2
13178,54405,19
11891,50892,11
2037,61346,9
5264,60532,17
13274,60035,311
885,34748,15
5000,48572,51
534,63311,6
2291,63311,1
3410,44850,3
10356,61346,20
7638,63311,41
2010,63824,28
11701,63311,55
1374,63311,33
3834,64811,1
10592,60420,23
12180,63311,19
10775,59799,1
11988,45036,35
219,63311,54
5682,61215,119
1635,63050,7
9923,53844,16
3101,64011,30
1011,10554,3
543,63311,18
8590,60047,75
2803,63509,1
11853,60917,25
9791,65139,11
1660,63311,14
8609,37858,8
9738,50891,10
4815,62789,3
1458,63311,18
12907,56907,43
3895,63311,3
6914,67005,16
9644,50919,17
6832,51173,90
1431,43783,3
6741,66711,8
5529,60692,17
6844,63311,26
8122,60409,46
5492,41904,18
2055,65046,5
4349,65046,5
10920,63359,30
10543,63311,158
10585,60830,53
10507,61384,44
12832,60035,470
11559,42172,14
2408,64811,1
2309,65046,5
1311,57517,1
10432,60776,17
8105,59790,30
2486,61191,26
7075,28234,29
8774,61289,16
12538,10325,26
5508,60015,366
2335,64562,33
11218,63311,298
8052,61289,20
12902,60409,60
5876,63302,246
11244,61146,240
5461,66711,12
6174,37949,23
11104,32498,7
2620,58225,45
1490,63081,8
12750,63302,121
10811,61145,184
13277,60778,37
4014,63864,32
8818,66976,1
8422,50919,14
114,63311,2
5829,60672,12
3920,28090,1
8929,62095,9
3843,61335,3
5525,63311,38
9822,60015,39
12057,62108,7
928,63131,6
36,63072,2
2304,63492,34
10997,63981,1
6779,62093,30
4065,21181,1
587,64140,1
5338,59840,217
7771,62108,1
4817,62618,4
5381,10325,38
5665,61478,7
2352,63495,28
773,64608,47
8730,65412,11
4717,40190,2
10375,61216,169
1040,63311,7
48,63311,1
4872,63311,4
11651,66711,7
6619,63311,72
13003,61289,261
10784,61347,22
4755,63311,1
9582,63311,1
3571,62117,32
8873,10072,56
8281,63311,12
5129,51167,94
9270,63311,59
8395,65113,38
9366,60202,2
12636,61289,118
11142,61145,393
2778,63311,123
978,63311,2
4245,63311,35
11993,61289,48
7380,63319,5
4105,63864,32
13196,60420,72
9780,66516,17
6153,49210,13
12815,61503,11
11969,60900,54
2817,63311,2
1352,63311,5
1179,64023,2
7188,50879,9
9575,63311,19
12081,63311,1
7496,60517,118
9879,61289,21
11941,61151,1
11073,61289,134
7253,53844,25
12715,63302,102
9137,32072,1
10890,53691,59
7151,51168,14
6928,61508,17
2453,23986,11
380,64486,8
3510,63798,40
11298,49030,21
12221,63311,25
4786,62839,6
11108,32043,22
5961,56907,40
7394,61463,18
10582,60536,24
11521,60917,18
3679,32371,2
8656,21170,1
9618,60409,23
10649,60015,23
9223,63311,59
3593,61347,14
6791,63302,246
8705,50891,14
9159,49026,1
3308,64898,22
291,25656,3
1122,62985,2
2902,62237,27
8201,65355,4
5787,61289,16
9031,63311,118
7114,63311,17
8352,61289,207
2239,63629,25
13297,59790,75
1262,63311,3
6396,32072,2
7524,50875,78
1384,64304,88
11391,61289,68
2413,37862,3
7525,60424,109
2418,62235,25
4339,61311,70
9471,63311,6
1003,63311,12
248,63311,10
8872,63311,21
2665,61206,30
9691,59902,4
11859,60933,35
3117,63319,1
512,64319,9
11683,62095,8
10504,45036,38
6823,50879,23
10165,49210,15
1108,33778,8
8841,38015,1
3847,63997,9
13010,48515,12
10481,51163,13
10198,63311,45
12118,59840,217
10634,61289,49
136,63311,15
5217,53691,101
2406,63728,9
2472,61346,13
7404,60495,14
2338,64811,1
12993,49025,1
6932,50894,32
12453,60966,6
7682,62100,10
8361,59959,27
11092,56856,14
10395,40913,3
10689,60035,31
4672,63311,4
5490,60950,20
10498,43459,13
5340,43460,15
6836,63311,42
9949,61347,16
12275,60419,142
3423,65882,3
12415,66751,6
9393,61508,42
1324,63311,15
13340,60015,29
2985,42172,9
2219,32371,1
7473,61051,11
9262,60899,46
5982,37858,5
903,50595,15
1966,32074,10
7754,61379,28
6572,63302,246
10491,60420,361
11162,46146,45
748,32483,3
1881,61206,25
1922,58216,42
979,63311,3
931,44218,19
9683,60967,21
8741,21145,2
13095,49026,1
7956,66544,10
4706,63311,2
10102,60938,103
5059,37949,23
9472,51249,6
5844,60015,619
7458,60221,6
9849,60409,80
3718,61186,31
6578,61289,139
285,61313,3
13190,61527,21
9544,60900,44
6394,60939,13
11178,46086,1
8758,66544,6
174,63311,69
10827,51173,35
4601,63311,4
6612,66711,10
3614,63800,12
834,57517,2
863,64317,11
3016,49694,7
3290,58198,57
3845,63509,1
4368,63806,21
8396,65109,37
3315,63311,12
11362,63352,1
12903,66936,181
11275,60015,288
11068,50921,50
7817,59840,110
12810,63311,60
11763,62118,11
1237,35729,3
6743,66711,8
1036,63311,8
2789,63311,2
1600,10328,96
12900,61058,68
3039,63826,46
7863,61395,43
7274,60938,45
7173,10325,13
4954,60203,36
5889,63314,53
7498,50892,39
4078,58212,3
6659,63311,108
2056,58211,5
4405,63696,13
7673,63321,7
9786,63311,14
6179,51250,99
1769,28032,1
10004,60899,53
8031,51173,10
12866,55228,25
6162,21458,32
3560,61309,16
1226,63311,9
120,63311,6
3617,35824,3
8573,53691,24
12705,60942,8
8377,60797,3
3859,61206,14
1627,63311,2
8486,65174,12
11438,66740,15
7954,61001,61
8905,49026,23
13409,61191,22
4537,63311,191
9847,60202,2
658,45250,3
5796,60535,20
8254,66535,6
8137,62118,165
7454,60015,33
11355,63311,9
10453,63311,79
5372,63311,111
7045,42172,8
13258,53691,51
3690,61200,27
11873,60420,61
705,64493,4
3269,61182,33
9188,60203,80
12718,59801,3
358,45782,104
3352,32371,5
9560,59840,8
10871,62097,10
8803,66740,2
6728,60046,23
151,63311,8
6177,61343,161
432,48944,4
1007,35006,6
12535,61395,42
6506,61395,30
4334,63687,7
1666,63311,4
2059,50436,10
8601,51168,21
5933,60409,58
9428,60899,72
10621,60901,95
6374,63667,14
11980,42172,178
11663,63311,202
1580,63311,3
5744,62093,31
10022,53691,34
13242,59790,34
7926,66653,357
1084,64544,39
4862,58169,2
8638,61516,52
11317,41840,26
6312,61054,50
4961,59806,84
1517,25466,9
1663,64328,4
9158,49025,1
8370,50899,20
8485,65163,16
11334,48515,1
10640,66723,9
2129,63915,2
11979,62110,101
6857,63311,11
2761,63311,64
8305,59802,78
1218,63311,6
34,63311,18
796,64249,26
9685,60577,172
6307,63311,154
469,63311,15
11234,60202,7
2146,23936,15
1576,63311,2
6538,61409,53
7984,26930,1
4270,65661,40
2994,63811,45
7874,63311,8
7989,60035,273
4468,63311,1
3996,65046,6
4171,55228,8
9935,60015,40
7946,61001,36
2272,63833,23
6917,60753,14
12821,60913,8
4983,60933,45
1745,35449,9
8684,61382,101
4353,63657,1
11932,63311,14
12090,61146,8
4964,59790,579
178,63311,3
4920,60986,27
3456,32072,2
3195,58225,32
6826,51168,33
7320,54405,32
926,34748,7
12455,60939,15
2389,61197,51
2992,63577,49
9565,60015,25
10690,53844,12
42,64198,44
13029,62108,17
7056,63311,19
10199,61346,23
9905,37859,5
7967,53844,188
4831,63311,1
51,63311,2
10698,53691,35
10845,63311,11
3306,61312,223
4227,63311,6
4106,63830,22
9241,59992,25
2202,55228,6
7518,61323,17
8406,60517,15
5861,41840,11
11451,48515,1
3276,58198,57
8494,43460,1
8298,61144,59
8140,60967,6
8882,66932,98
1689,63311,2
13376,66780,6
13358,48572,20
11557,61289,68
11403,63311,14
7022,60195,9
5583,63311,321
11238,61289,68
12377,66434,8
1684,63311,18
4639,63311,3
9666,61506,18
10422,64779,6
9103,66744,1
4206,64562,49
3066,61186,27
1023,64312,6
3080,60938,4
10849,59801,1
397,63311,3
168,40127,4
5495,63314,8
9639,63311,178
12102,60569,24
7515,23936,5
9244,59866,10
8751,61058,11
7078,61345,22
1329,63311,24
3838,61200,18
11276,40328,12
2123,60522,28
3252,61309,52
1800,46278,3
12409,43463,1
7368,10325,18
10484,66539,128
435,63311,2
1227,63311,1
3725,60917,13
9021,59836,1
6311,61054,50
1476,64321,12
9356,59796,26
2449,63311,3
2693,63544,1
6283,60409,25
2914,64551,5
4994,59992,47
6693,63356,37
7284,60775,42
12879,63311,41
10691,41912,13
1454,63311,2
7043,42172,8
252,64119,2
10506,53850,124
12908,51249,13
10877,50891,13
8694,60967,6
8964,51168,15
9857,60517,99
12932,60899,83
13042,28234,267
9846,61146,46
9810,60577,106
7686,26930,50
11819,59950,18
11699,63311,3
150,63311,9
5045,61343,319
12604,61289,129
12917,63311,20
8380,66497,5
6180,51175,30
12314,32043,12
9427,53691,25
3081,60938,4
11716,60967,48
1359,63054,1
201,63311,6
7904,66592,22
3911,61206,14
2615,60102,2
764,51882,1
11725,50891,13
8372,55228,28
13142,53844,21
11240,61146,19
3147,64857,4
11461,60899,308
10365,41840,52
994,63051,2
6924,61424,9
1685,63311,31
9713,40328,59
6291,62093,31
7842,61289,70
10464,61323,20
7111,40330,16
13069,50894,36
13420,64814,1
5325,43460,14
6293,62097,13
84,63311,19
11404,61289,20
1656,63311,3
4075,63657,1
8831,49026,19
1327,45733,4
6570,59992,251
9752,63311,14
2391,61197,51
9835,61289,17
8544,61058,10
9605,61289,33
4642,63311,2
430,63311,5
5108,56907,114
9415,60409,24
9446,32498,9
5707,63311,105
11207,60420,73
8021,61289,44
3699,63489,1
2747,62922,1
3132,58216,8
10860,60203,13
7293,51246,6
7059,66936,106
1845,60617,11
8381,60555,15
3483,64805,1
7521,60945,28
3071,61197,14
294,64203,64
7751,37949,2
1787,63311,1
5419,60967,21
103,63051,9
7837,32498,7
10241,60517,361
8223,43462,5
7758,60899,83
8171,60577,28
5373,40328,43
1158,64204,1
10076,40328,7
1513,62651,14
654,28032,1
7671,63351,9
7342,63311,27
6278,60015,52
12624,63311,26
3777,61206,25
8742,59840,8
6139,61215,119
11732,51249,24
12822,61289,42
6959,59866,51
5728,59992,334
6408,56907,44
5080,60195,15
8092,60797,3
2082,63830,22
6946,59995,23
2233,61206,16
7587,61380,17
8147,60967,18
13266,46798,5
7199,63311,3
12680,61347,27
104,63311,3
8949,67084,2
12427,62100,10
6416,61051,11
11139,60971,3
3342,61206,11
9773,67002,51
3012,63851,6
648,62985,1
12096,53691,24
1723,26774,21
7975,10325,22
6102,32115,3
11951,60409,57
4992,46146,51
5119,63311,1
11330,32498,7
6132,58208,17
6347,60939,223
7345,60972,13
544,63311,14
3070,61197,14
12299,63311,1
6188,63311,70
12446,60485,31
4099,63917,2
10437,42103,122
4528,62764,257
5897,46146,61
742,62651,5
12549,55228,16
11550,60933,52
8189,62176,1
9608,49026,13
6373,61409,33
3647,61384,25
10414,60577,32
8969,63311,40
4442,63311,2
9288,60472,16
3670,61186,27
4202,32498,8
13347,63356,36
3652,59866,25
2681,50436,7
8268,53753,13
8874,42286,124
1792,64092,3
8539,60541,11
3964,65660,28
840,35224,54
7074,63302,246
11321,63311,10
9035,62514,13
3373,60933,27
11174,62100,9
4084,61206,27
8827,49026,3
4399,60102,2
7365,51168,20
745,63038,13
12639,49025,12
3854,58216,24
6215,60015,430
4951,60944,378
6146,33660,10
3839,61343,12
9872,60015,89
5387,61215,117
13352,60205,142
2013,58216,30
6931,50894,32
4697,63311,9
2040,61272,1
6770,60772,1
11758,61207,12
1612,25466,9
9016,43459,7
8164,60951,6
8048,60205,10
5853,60899,48
4150,58198,58
11878,40328,14
2190,63860,106
896,34748,15
13155,62535,19
829,63137,9
6084,60409,84
2975,61312,337
11961,61343,42
12434,62095,10
1198,64529,43
9296,66464,33
2555,61191,27
536,63311,2
3324,63786,12
7439,43459,5
2268,28206,2
5708,50921,14
12966,63311,111
2020,63996,9
1770,28032,1
8296,60203,30
11061,21143,6
7540,60420,92
4914,63311,1
1706,33742,4
10317,60015,48
1044,63311,9
11568,61289,112
8941,63311,14
374,63311,2
4882,63311,2
4455,63311,1
12259,63311,6
11987,60409,27
6518,25103,5
5467,59992,177
6640,61013,5
3521,58225,28
12393,65105,38
5247,61199,4
8251,60951,11
3890,63492,48
12278,60492,39
12799,60196,18
2022,58225,46
12284,32498,6
1622,62985,2
9321,60015,52
7192,40328,5
2401,63923,4
3704,61197,28
1587,22707,2
2460,58216,24
13259,59790,116
12031,59992,61
2806,63311,22
13312,61289,87
6183,60966,133
6729,60015,62
11592,37949,23
3616,35824,3
9441,61146,8
10026,63588,29
12050,63311,158
9469,59831,79
4768,63311,1
7773,26930,3
4955,61146,556
8085,65925,132
4093,61186,16
8938,63311,301
10792,63319,3
13169,60472,184
10374,46833,9
677,64207,4
7670,63351,9
10931,51249,27
922,34748,15
6561,10325,42
1183,64110,2
4437,63311,2
4680,63311,2
222,35006,4
6067,60015,45
11661,57870,102
10801,49026,31
8438,49025,12
2743,63311,14
8511,26930,23
3990,48811,21
12978,60617,345
334,63311,12
7277,49214,49
1984,62051,3
3669,61186,27
1356,63311,8
7019,59964,173
2910,61191,16
4412,63813,2
9933,60536,22
11302,66786,12
10310,60958,22
11484,61181,16
1979,63525,6
2184,63858,21
4330,58211,5
2827,43457,2
5050,61144,2
6099,66711,7
3653,36443,9
7225,55228,24
725,63088,14
13171,65127,5
11565,63311,37
3873,61206,11
6473,40328,219
1419,42127,8
8414,63311,10
8249,63311,53
1946,61311,34
448,45733,18
6021,60900,28
5577,60052,6
9143,60409,23
7329,60424,109
3820,56721,1
11430,66799,6
7229,60637,149
2754,51854,4
5768,50016,34
8068,59971,27
684,36065,9
3232,64779,8
10216,53844,25
876,64044,4
2936,61197,27
10971,61152,12
11727,63311,3
3446,32074,10
1990,50436,13
8009,63311,166
2535,21896,5
9781,60759,26
9498,60203,3
1796,63311,3
6821,61215,92
4097,58211,2
5484,61497,74
1958,61191,12
6460,51250,58
10141,60953,15
1741,35449,9
2035,63983,8
7203,60947,6
5169,60970,21
5400,59691,28
4661,63311,3
6424,59992,132
1238,64087,13
6962,60899,304
4074,63657,1
102,28148,6
11577,60409,328
2488,61343,27
6331,60996,41
8665,63311,37
980,64601,2
9705,63311,1
10019,61343,27
3091,63657,14
4731,63311,3
11887,60569,36
11736,61051,10
1154,64113,2
12381,60920,7
2265,36443,9
3394,62052,2
1936,63798,36
1784,37954,3
8765,63311,59
3572,64011,39
6505,60967,11
9253,60035,228
3489,40627,1
8594,53850,22
12795,43462,2
10669,63311,49
3356,45560,1
7200,63311,10
3379,64902,8
12515,49025,12
9483,66632,8
20,63311,3
8199,61289,50
10787,61397,21
1434,63311,73
3462,61279,13
4984,60933,23
8243,35824,5
322,64211,2
5285,60015,54
3543,63657,8
4129,63657,50
4895,63311,3
12383,63358,44
8884,59866,32
9369,61289,16
5077,42103,53
10400,43459,7
8867,51168,14
264,63311,8
3574,63311,26
7318,60921,22
3448,63983,8
1369,40380,17
2255,23986,9
2484,60938,5
7175,40328,14
474,25234,11
9495,32072,2
9503,61289,32
7554,60638,30
6609,62100,8
5839,67080,56
8664,23772,12
11090,63359,1
11111,59806,1
9222,63311,162
8480,60202,1
7933,40328,12
10815,63311,35
12920,60052,6
8622,65105,38
10428,63311,1
3014,58198,90
3380,63527,4
2958,61309,16
7208,50879,23
3874,60938,5
10052,53691,28
6585,61181,71
7727,32498,7
7402,61199,5
12620,60420,133
9518,63311,2
9967,49026,55
851,62651,8
3475,48811,23
11974,63356,36
11907,67068,78
9576,53751,14
10082,51249,7
10731,50879,18
5684,61215,119
11533,49215,24
6287,19891,7
6683,61422,41
7132,61065,12
6026,60015,241
6335,61289,123
968,63311,30
2168,63824,27
6422,60015,63
2128,63918,2
12698,26929,8
96,63311,23
1492,64059,59
3818,61206,20
7714,63311,1
7600,53844,24
4963,59947,337
60,63311,3
8936,63311,9
4076,63657,1
11990,61343,24
10509,63311,174
9569,63311,129
12192,63311,54
8523,50919,10
9968,43460,18
11328,43457,9
462,45733,15
3882,63311,39
5513,66750,9
6559,44966,3
3932,63544,1
2981,58209,75
10631,60917,22
5067,51168,40
13152,59971,23
9246,61216,203
9842,63357,1
10580,49214,46
2003,61310,413
3028,60102,2
11536,60933,26
328,21680,3
5845,60409,134
1054,50538,2
10650,60901,24
8317,59801,1
4683,62793,8
8956,60541,14
11416,62176,32
331,64175,22
9020,61154,1
7434,40328,22
9963,59830,8
614,26774,21
1283,63036,4
9255,60536,59
4723,63311,2
15,35483,2
6919,51168,29
4111,61312,218
12596,61289,187
6267,60939,12
9116,26930,52
9302,60901,62
4113,63831,31
612,26774,21
4415,65046,6
2772,63311,2
10081,40328,5
6976,63352,2
5035,60756,9
5121,57491,16
6065,60015,45
1965,64779,7
12556,63319,2
5779,53691,77
4864,63311,8
8218,60203,1
4300,60933,38
2616,34318,1
2770,63311,3
8527,63311,36
3600,63858,21
2474,28090,1
6811,43462,8
971,63311,2
9100,66744,1
6533,63328,3
13379,60102,2
4011,63809,14
4726,63311,3
6385,60982,12
5757,59691,25
6699,65109,38
12539,40328,19
3083,61191,27
13361,43457,1
11155,61181,28
2145,66114,14
6746,60419,25
10935,60797,26
1808,61312,108
9604,51169,142
8125,67085,22
10613,60203,18
6651,61508,34
8417,60759,22
3488,40627,1
11613,49215,119
1167,35006,14
6576,61384,218
8674,50921,14
12107,60015,89
10914,61289,332
11847,59790,582
3615,35824,3
12591,61289,261
6915,60657,14
9101,48515,1
6455,61289,37
4059,64924,2
1112,45733,18
5405,56907,21
709,63311,19
5567,53751,90
2993,63575,49
6593,53844,12
11036,60899,26
7996,59959,52
1348,64153,8
5227,66709,7
12217,63311,77
9264,60933,21
5279,60695,162
5305,32498,8
1209,64529,5
7760,62100,17
425,64529,114
555,63133,6
945,63061,31
6187,60046,33
8295,59802,78
4166,61347,2
2271,63561,22
2715,63834,20
2969,63831,25
13118,50891,18
12405,61289,19
4005,63586,28
13018,61059,20
10194,62100,16
5848,62110,122
4366,61312,56
10708,60933,45
3425,63799,11
5690,66750,20
5788,61289,16
9287,60942,51
5197,66711,8
3170,63657,49
9456,32498,5
2657,58212,3
13172,60547,13
3805,32371,1
69,63311,12
4238,56646,7
3060,58225,23
12960,63311,19
3207,63999,10
9994,61500,9
7896,61509,18
8258,48572,28
12632,61332,31
10164,61010,287
3852,48811,23
11602,59801,18
5913,60934,114
7742,43460,8
4979,59992,25
3329,32074,10
733,58126,2
246,63311,3
3099,64011,30
11309,60830,94
5621,63311,13
7459,63311,14
2436,63311,39
5494,63314,8
2705,63687,7
9863,61343,25
9148,65163,52
11071,63311,24
5937,48515,78
6551,21145,12
674,33778,8
8194,62095,9
1607,63311,3
4839,62863,2
477,63311,7
3888,55228,6
12013,59947,329
2875,42998,9
9308,60973,15
4863,63311,2
2617,63696,1
6386,66936,22
9380,60938,13
10270,50891,25
1509,63311,9
4902,63311,7
1955,55228,6
4880,63311,7
8112,59992,30
5596,63311,1
6426,59959,215
4047,28090,2
4451,63311,1
12231,43460,2
7347,50899,20
6748,60940,16
813,10328,97
8432,50879,15
9723,50879,19
4808,63311,3
6259,59951,20
2178,61191,18
10653,61289,205
10512,66567,72
4443,62646,3
7039,61343,27
6352,60967,12
1428,64059,43
9058,60531,7
4521,63311,2
10286,63311,19
6785,53691,35
7943,66497,13
6862,61215,92
1414,63311,6
115,46902,2
11554,60938,15
7781,43459,2
13074,60657,15
12659,63311,3
231,63311,10
6330,51172,16
2678,63917,2
13216,63311,8
7421,59866,52
9034,60939,42
1521,62467,16
5999,62095,10
215,63311,2
4641,63311,2
9667,63311,27
5341,43460,13
8084,50892,16
5923,59959,87
697,26774,21
12000,61059,11
2632,50436,9
6524,26930,64
11221,63311,68
4388,63311,79
11789,63311,12
11381,62100,35
6168,60938,45
9080,60972,155
2030,63648,5
6082,60409,84
7635,56907,44
7697,60046,23
13404,65046,6
8679,19810,2
8893,43457,15
10938,60015,960
737,64104,1
5610,60015,302
13099,40328,30
12042,59790,171
7887,65925,135
5776,49026,32
11660,57871,45
12092,66769,6
11153,59799,1
3528,61197,25
1499,64152,5
10037,63311,3
13319,43335,6
3442,61347,8
5929,61401,36
3500,49320,8
32,63311,23
7976,60941,12
2440,32371,1
2326,63831,25
12372,61401,21
3624,61312,7
5047,59992,29
9725,63311,10
13081,59971,24
6833,60575,33
3296,63802,10
12661,61289,67
3069,61186,27
12228,61289,209
484,43797,3
4326,58225,33
2125,62150,7
12704,60547,14
12848,61401,20
12340,61289,119
8332,59971,21
11772,51168,137
12858,60776,20
12871,53691,98
10478,63311,44
7333,60420,51
9186,59806,59
4891,63311,415
9085,60409,85
6956,63311,4
12431,66434,10
3853,48811,23
5533,61433,4
11639,32498,4
12143,63311,22
300,26774,2
13262,61289,187
5439,63311,38
1409,63311,13
6453,28234,53
10732,62100,35
1748,32683,1
10735,61404,40
12301,59840,9
1415,64321,8
7991,59832,42
500,28032,3
669,40374,1
2537,51854,3
9403,66750,7
12868,60015,227
2860,60933,26
1581,63311,2
11318,59867,23
9318,60958,21
3903,41912,4
12369,50943,15
12507,66725,6
304,63311,2
5435,61332,33
11625,33660,7
1019,47226,13
5401,59691,28
4696,63311,2
6573,63302,145
6889,66711,12
2792,63311,5
6418,50016,34
4769,40380,1
5666,67037,3
8064,63311,41
11184,40328,51
12337,41912,62
6012,62108,13
12342,61289,193
2629,65046,6
5698,50016,34
9539,63981,104
2674,63657,1
3636,58211,5
4394,58216,8
2376,47749,6
9320,49214,93
6815,26930,86
3435,58225,46
4765,63311,7
11759,61144,16
4550,62468,4
8631,43460,5
1069,64247,10
4029,61198,25
9603,65118,1
8248,63311,27
8900,59806,72
8349,62108,7
5770,59951,105
11360,62176,1
8824,49025,1
8118,32498,4
7999,46146,49
12468,60803,301
11566,63311,4
6680,61422,41
466,63311,3
3781,61200,48
1721,63311,3
11883,26930,27
13024,63311,124
9105,46833,7
3885,63914,2
5431,60699,151
6437,61384,36
9256,66516,17
13302,21458,139
6546,48572,60
5981,37858,5
5365,62373,82
11692,60420,61
2456,63499,44
9289,60759,46
4140,63705,37
9538,60015,87
11269,58208,12
421,44622,8
6704,65113,37
2478,61197,30
3943,48811,22
4193,58225,73
6884,50016,42
1048,63311,9
10420,61215,96
7449,26930,27
857,63089,14
9206,66518,33
4937,60202,20
7728,60202,1
9699,59971,27
13119,40328,67
2096,58225,28
915,34748,15
4485,63311,2
10495,60205,14
10119,61508,42
5958,56907,40
10589,61144,16
8299,49026,20
1140,63311,1
11346,21145,17
4975,60958,22
7047,61289,46
821,63047,8
1644,63311,4
5842,60035,629
11216,60420,66
10957,60986,39
108,64548,2
8869,25129,2
7705,60778,105
368,37657,16
4950,60830,94
6877,53844,29
3648,62237,36
3989,48811,21
4686,62801,2
5295,61051,9
9120,63311,18
5909,60987,115
5220,53691,101
5426,61395,16
218,63311,3
4338,63824,28
4316,63813,5
2088,61206,14
3155,65652,5
13421,36443,9
4100,60102,2
4502,63311,4
511,47184,4
701,64201,26
1714,63311,17
170,63311,4
4476,63311,3
10901,62097,11
12967,61001,39
10807,59806,72
1278,63311,3
574,45733,15
9625,37949,1
40,63311,8
3692,63311,1
11962,66434,10
4514,63311,5
12388,41912,21
11822,66666,111
3316,63311,18
10577,60542,66
933,34748,15
10608,51168,12
3685,58225,26
12882,54405,19
3464,63659,12
6780,61051,9
1497,35008,2
4396,61343,12
3335,42998,12
347,63311,2
10074,60047,88
4780,63311,7
13112,63311,7
475,63311,13
6364,60194,36
3612,63800,12
2086,61197,25
12414,48572,10
7475,61051,11
4221,62249,37
8062,60574,44
6876,61343,96
2343,63799,10
1618,25466,12
1403,63038,6
6499,60967,6
8974,60541,14
7745,36476,3
1651,63311,9
8493,63311,1
1744,35449,9
4478,63311,1
7677,60787,12
11503,59947,305
12460,63311,5
9633,66543,12
12234,63311,35
972,64543,2
13271,60938,32
6393,60046,51
6827,59950,35
5096,61508,15
3245,64845,5
11915,51168,53
11080,62093,30
8798,53691,30
12743,59998,19
9506,60899,50
1202,64683,1
5710,60419,73
4190,42998,9
11453,46833,9
9281,60899,25
5715,63311,6
12869,60409,94
37,63311,13
10153,60899,29
1624,40665,9
3564,61265,13
9412,61380,17
5702,63311,168
5350,61384,372
8855,51168,17
7477,32371,6
4490,63311,2
6760,63311,19
4130,63311,63
8141,50879,13
3756,65046,5
2513,48811,22
11616,63311,1
8098,61433,8
12833,50921,24
10312,62093,15
12223,60970,12
1767,28032,1
11039,60917,40
11844,49026,123
5251,63311,1
1289,63311,8
7008,63311,8
5071,62533,1
4195,63655,5
6905,63311,26
12219,63311,27
5026,63311,169
8960,61065,38
5345,62093,15
11643,54405,15
8371,46146,63
12212,63311,28
5911,60933,115
7106,51168,28
5118,59814,1
9194,60033,32
4732,58185,2
5329,49026,19
7624,60409,28
3412,62051,3
8342,46086,1
8863,63311,9
11488,59814,7
1351,63311,1
13047,10325,15
1328,63311,6
9411,66463,23
4157,63659,19
10265,61001,13
2955,62237,28
6635,62545,20
3563,63571,27
211,63311,8
9530,63311,14
1951,58225,27
8128,61289,54
652,28032,1
1594,63311,2
9051,63311,15
11354,60191,21
638,32683,1
3313,21226,9
1397,64166,2
4049,58216,10
11443,32498,6
10388,40328,22
1671,63311,3
6527,61289,112
2755,63311,3
4973,60933,38
2302,63492,34
4398,21226,6
12019,61410,38
3370,61206,15
10217,60409,27
2457,63499,44
2479,61206,11
9742,63311,57
12484,64800,55
6495,60918,12
7602,62108,19
2920,64855,5
13067,63666,127
12281,61289,92
1471,62985,2
4393,62237,5
485,35099,22
9247,51248,27
13345,42863,43
899,34748,7
1733,56729,5
399,28883,4
2610,58216,8
12530,63311,6
909,53067,29
5014,48572,51
11840,40330,22
6128,51249,333
3064,49694,7
593,31984,3
1251,45733,2
9965,61144,100
12510,49210,30
6070,63311,1
8766,60938,15
13314,61289,92
13344,32072,22
4210,51249,12
11856,49215,23
9071,61508,42
13256,63311,67
4404,55228,5
13144,40328,15
12483,48572,50
765,64605,3
10025,60202,1
583,63556,4
3468,61206,11
10118,66925,47
5307,50584,106
2151,65046,6
9309,60830,41
9028,63311,29
2849,62115,5
1871,66118,3
11257,63328,1
12476,60409,93
9119,61144,12
5585,63311,318
739,25466,9
2454,43457,4
1985,63562,28
3422,55228,5
3546,65882,3
12627,60657,21
6316,60005,34
6074,62274,37
7615,51168,16
9553,66538,45
2612,61343,12
2877,63931,2
751,63311,1
8716,51169,9
12108,60569,24
1840,58212,5
4342,43457,1
1276,64321,9
9962,60483,98
12237,63311,21
6555,21184,3
9681,51175,17
4149,63311,80
9627,59840,21
8580,51168,34
4795,62789,3
8041,65410,10
2118,32371,3
1370,52255,3
741,64153,1
2471,61191,16
2496,41912,4
1189,64510,2
12027,63311,10
4681,63311,2
1571,63311,48
7625,59959,43
4124,32074,10
9025,61289,16
13215,63311,44
1982,23492,9
12625,40328,11
2663,61206,27
9039,66744,1
6888,66711,12
2058,50436,10
11800,62093,5
2596,65660,21
10492,53850,92
2859,63311,30
4654,63311,3
2324,61312,106
8814,48515,20
5563,59691,24
3509,32371,3
9898,53844,16
5386,61215,117
4707,62784,2
6978,60015,85
563,40945,19
8569,66725,7
9921,51249,11
8240,43459,5
1670,63311,21
11978,50879,62
12120,49026,20
6075,60417,172
6111,63302,144
4401,21345,2
8917,59842,79
9771,63311,2
11861,60958,10
4126,63692,91
8340,21376,89
4128,63311,149
181,63311,2
11734,62100,280
11402,61289,147
9969,63311,6
1956,61185,34
1058,64529,43
10940,60015,26
9537,42172,9
1400,63311,3
8962,60938,13
8013,63311,25
5036,63311,18
10448,62274,10
5774,61145,358
10558,61289,16
1211,63311,42
7105,40328,19
12098,43335,6
10812,61146,225
9636,66799,5
12800,41912,31
4216,50016,9
12996,61409,64
7336,60638,38
8188,66932,41
3061,58225,23
4257,63311,61
1435,63311,73
13406,42172,9
93,63311,30
6943,59949,25
4906,63311,14
7937,66505,3
11908,26930,49
5009,63311,1
2237,61197,32
10798,60203,37
12697,60015,66
5091,60965,20
12775,60409,49
5858,61289,126
1085,63038,5
429,45733,14
3972,35387,2
4919,55228,24
3644,55228,8
13410,60917,9
2949,63311,1
7710,63356,38
6828,36476,3
409,63052,2
13355,48515,65
1609,63311,2
6608,62093,5
13115,66566,22
9826,60938,39
3551,63918,5
7593,61347,17
12488,49215,23
2216,63830,15
10442,21458,24
950,53144,3
4751,63311,1
7986,21458,111
12647,41912,21
11937,61149,1
9586,50921,7
5287,61514,859
5736,49214,39
12190,60047,24
6346,60939,223
6063,51172,12
7204,60921,6
1422,48435,9
5033,63311,155
4557,63311,2
820,26774,33
13129,62097,11
9989,50919,24
5884,60059,7
12067,63311,2
10062,60958,11
6837,63311,63
1286,63311,14
3376,55228,9
8053,62108,13
6750,50875,20
12136,49215,23
1092,64497,2
8531,66528,5
74,64036,42
3998,61265,32
5921,63302,144
11586,60203,14
8286,60536,102
4120,32371,5
292,25655,3
10769,63311,12
7128,59983,14
6320,60015,150
2090,55228,5
3496,53134,1
1802,63311,4
12300,63311,20
3211,63311,6
3596,63482,10
12939,61289,34
319,63311,6
8517,66751,3
4835,63311,757
13049,60640,6
2956,61206,11
1826,65046,5
4082,62047,3
10136,43460,1
7869,66528,16
5441,60060,2
6254,46798,2
7707,60970,7
6175,37949,23
13148,60492,50
10379,50879,15
1831,63311,5
5222,60899,107
86,63311,9
13065,50892,26
1220,63311,2
2819,63311,3
7696,60046,23
2313,58211,5
2421,58211,6
2799,45223,4
5334,66990,100
2597,34675,2
595,25065,3
7534,10325,35
7224,60779,17
4966,53691,35
8940,63311,12
11968,53691,24
13017,63311,326
12577,53844,15
11002,60202,1
62,63311,2
10655,49026,130
12323,53850,44
9585,63357,1
2358,61200,48
10633,63328,2
11091,62274,11
10664,26930,65
5915,60958,43
13318,32043,13
6006,63311,1
7135,51168,15
7768,50016,6
959,25466,11
11686,62100,7
1514,63311,2
9649,63311,8
1480,63311,2
6927,61508,17
10826,51173,18
5864,63311,11
7507,48515,8
8120,40328,11
8247,63311,63
12513,63303,54
9225,63311,11
12857,63311,28
13198,60719,60
11102,40328,7
10281,60409,24
3414,62050,3
12059,62093,31
7259,48572,72
128,63311,4
11526,60933,33
12313,61503,6
7302,62496,367
12445,53844,155
8995,66711,23
12561,63311,1
7770,66434,9
11874,50892,12
276,63311,8
9293,60938,45
9422,50879,25
1273,64483,3
7335,60638,30
4522,63311,2
4036,63657,12
11213,63311,97
1898,65046,2
4607,58160,1
7018,63311,3
13180,61380,20
9474,59992,24
12841,48515,21
716,63311,1
9449,66747,12
4411,64779,6
1119,63142,12
8385,66488,33
6921,61332,18
12938,62274,13
10413,60542,42
2317,32371,1
4741,63311,14
5354,60205,1
10386,40328,22
7891,61430,10
4345,60938,4
4527,63311,14
9914,50892,29
4644,43200,2
7856,60939,13
10800,61146,209
1865,63785,14
7825,43460,63
7325,60945,28
12692,60913,53
9960,49025,11
11871,60569,47
12915,61323,17
734,64123,13
7541,60970,6
12563,60205,1
4715,62848,8
7586,61380,17
8954,63311,271
12489,60052,3
3493,32491,6
10060,60933,38
2866,63311,6
12860,60517,23
6642,61065,11
11433,46858,8
3354,63495,30
12876,60420,24
6322,60409,35
13383,60035,311
2583,63833,23
6401,50899,34
7969,25103,2
12156,60691,78
11182,63311,62
6225,49214,37
8722,63311,30
6591,62116,6
7809,63311,11
10499,32498,8
5175,60897,48
12573,40582,156
1794,63311,3
1693,63144,10
7800,66475,1
10918,63311,17
5612,21458,88
494,32683,4
5310,43459,5
158,63055,28
7632,60900,77
3345,63657,1
4402,58225,26
7294,60197,5
7529,60420,44
2288,61206,16
9630,60953,12
8345,21145,2
966,64510,2
9751,63311,4
5157,61215,98
2253,61191,16
7408,59944,3
439,64051,9
2689,63544,1
9798,40328,55
1615,63050,7
9041,49025,52
7921,66490,20
3032,23986,10
11730,40328,44
9133,60203,19
757,63311,1
4408,61206,11
1091,63311,2
5438,63311,39
9335,60517,29
4924,61146,90
3102,65046,6
7249,63311,38
10998,61144,2
4112,61311,100
10723,41840,15
6984,61384,145
3015,32072,1
3774,55228,8
7020,59995,43
1879,61198,30
12973,63311,14
12792,60052,6
3222,61309,53
8038,65925,148
12957,51249,119
9181,60830,580
11591,60202,2
12014,53691,35
10064,59841,8
8032,63311,36
3234,62219,67
9661,63311,4
2590,58225,26
1433,64273,3
6299,51163,213
4851,63311,1
2175,61305,1
5628,53691,25
2103,65882,3
5385,61524,12
10873,63311,49
4664,63311,9
1935,63495,30
12274,63311,32
11698,63311,22
7101,63311,15
5153,59992,82
9587,58208,11
759,26774,10
11925,63311,15
830,63137,9
11829,10325,12
12668,50879,21
3939,63596,25
2448,64011,14
11044,60830,94
11229,60203,14
12644,60015,92
10936,66711,9
8026,61154,13
7343,63311,27
12465,60046,23
8002,49215,24
1460,63311,2
10044,66937,14
6818,63302,246
4554,63311,3
6033,60830,293
12635,59866,35
3025,61182,16
3835,64869,1
5262,60532,17
135,63311,9
10104,61404,32
12566,32114,3
9785,63311,5
8427,63311,47
800,63311,97
7170,60947,6
428,63311,38
12318,61289,126
10950,61289,220
8410,63311,5
13295,41912,20
3188,61310,55
1256,63047,8
13373,60057,9
12126,59829,1
4421,60102,3
11490,57870,105
2319,32371,1
6715,61289,94
4666,62831,7
8275,56567,10
9149,50921,33
7750,37949,2
6308,63311,154
6596,60940,8
2528,45860,4
3185,61309,16
11220,50875,202
13116,63311,117
10913,63351,1
10661,41912,31
12462,61343,133
9280,63311,4
11410,60047,57
6235,61051,10
1,63311,3
8359,49215,22
3223,61309,53
3579,63831,27
3419,61265,56
12247,51160,114
6358,51160,20
3129,34318,1
7628,37859,3
13310,61289,187
10729,60947,21
8311,60409,90
11254,26930,25
2019,66237,6
3979,63769,16
8828,61207,1
6072,59947,293
6731,60015,62
7564,61289,206
2865,63311,440
12010,61389,41
10886,61001,26
13372,60057,9
4982,60986,17
9637,63311,308
12609,46146,46
9374,60409,22
10150,61506,18
6671,10325,15
217,63311,8
9730,60191,12
4191,64847,10
3017,63311,37
12073,63981,21
867,64202,47
6614,56907,15
44,63311,7
18,63311,6
7172,50879,9
8168,51168,58
1884,58225,33
2997,63311,6
11378,49026,12
2999,63825,36
11205,60420,71
11351,49214,124
7133,61494,6
4194,63630,2
3144,23650,2
6940,61505,6
5293,59959,28
12326,60759,20
12487,60899,30
6260,59956,15
260,63311,3
9306,60409,28
10733,66434,10
9442,60541,19
5641,63311,104
533,44138,14
8640,63981,40
10924,51160,21
10774,59992,24
9718,50879,25
12990,61468,66
11423,51168,19
12396,63981,11
431,63311,2
9387,51168,51
2329,58198,45
4823,62639,1
3438,59981,16
578,44218,15
12474,60409,113
4861,62673,2
8170,50891,14
10311,62096,10
3722,61191,16
1699,63311,6
762,64247,15
8746,49210,12
797,64249,26
8639,63311,13
5643,50921,19
5590,50921,62
9245,66930,1
12135,49214,13
12633,23772,46
2547,64801,2
1942,63845,12
3300,48572,3
5145,60015,242
6694,65105,37
2857,61384,15
9808,60577,29
5704,63311,45
4673,63311,2
5825,61332,51
4103,21226,6
12079,61053,39
592,31984,3
3367,58216,8
8445,60965,35
1042,63311,14
10802,60202,2
7069,60528,127
2518,50436,9
2222,58211,5
8806,62093,5
8813,43459,16
3001,63897,69
6114,60830,126
8360,59691,32
7503,56907,22
11225,61064,56
961,63311,13
2900,63311,3
8652,63981,1
7061,60904,1
3858,61206,14
884,46773,15
4116,58209,56
8450,67095,33
11074,60830,29
6171,43462,21
6805,60202,14
12580,61289,159
8397,61410,74
4289,43855,9
8362,66751,27
6334,61051,10
9487,60015,32
3038,63864,110
2901,21895,2
6662,63311,302
2451,58211,5
12931,60958,14
10142,61395,29
4101,34318,1
11618,60933,166
12117,59798,1
1161,45808,4
7978,60951,12
13030,62514,18
10764,40328,13
7309,53691,30
2155,62117,32
6970,46796,2
7014,60140,12
10609,61289,41
3275,58198,57
8257,61345,76
13201,61289,260
5560,66752,5
11784,60191,28
10372,63667,17
13077,61380,24
7079,62541,1
1148,64318,9
8285,21458,77
4833,62785,1
7326,50875,32
10176,51168,27
11489,66797,978
7051,60409,24
1887,65046,5
3878,21896,5
1340,32683,2
13269,60830,35
8489,63311,9
6142,64779,33
9782,66681,16
7900,62498,150
3106,58211,5
1502,63311,3
11524,60986,36
2767,60409,78
4897,63311,1
2821,63311,100
11365,53844,11
9924,61376,43
10410,50875,74
